dataset,aln_codon,ref_codon,domain,alpha,beta,p_value,selection
snakes_C9A,32,32,TSP1_N,5.304,0.338,0.0297,purifying
snakes_C9A,35,35,TSP1_N,3.383,0.391,0.0454,purifying
snakes_C9A,39,39,TSP1_N,2.725,0.0,0.0143,purifying
snakes_C9A,64,64,TSP1_N,0.508,3.315,0.0405,positive
snakes_C9A,67,67,TSP1_N,2.139,0.0,0.0239,purifying
snakes_C9A,69,69,TSP1_N,5.396,0.0,0.00148,purifying
snakes_C9A,71,71,TSP1_N,2.445,0.0,0.0193,purifying
snakes_C9A,72,72,TSP1_N,3.994,0.0,0.00283,purifying
snakes_C9A,79,79,TSP1_N,9.945,0.0,4.51e-05,purifying
snakes_C9A,80,80,TSP1_N,4.704,0.343,0.0482,purifying
snakes_C9A,90,90,LDLRA,3.951,0.0,0.00755,purifying
snakes_C9A,91,91,LDLRA,4.164,0.0,0.00149,purifying
snakes_C9A,118,118,LDLRA,4.886,0.349,0.00808,purifying
snakes_C9A,124,124,LDLRA,2.231,0.0,0.0147,purifying
snakes_C9A,127,127,MACPF,27.842,0.0,1.66e-05,purifying
snakes_C9A,136,136,MACPF,1.186,0.0,0.0401,purifying
snakes_C9A,141,141,MACPF,2.218,0.0,0.048,purifying
snakes_C9A,146,146,MACPF,0.009,3.485,0.0272,positive
snakes_C9A,157,157,MACPF,0.0,1.735,0.0463,positive
snakes_C9A,158,158,MACPF,4.885,0.0,0.00438,purifying
snakes_C9A,164,164,MACPF,5.274,0.0,9.05e-05,purifying
snakes_C9A,171,171,MACPF,2.218,0.0,0.0462,purifying
snakes_C9A,175,175,MACPF,10000,0.0,1.35e-05,purifying
snakes_C9A,178,178,MACPF,5.412,0.0,0.00543,purifying
snakes_C9A,180,180,MACPF,2.916,0.0,0.0112,purifying
snakes_C9A,186,186,MACPF,3.361,0.377,0.0411,purifying
snakes_C9A,195,195,MACPF,4.882,0.0,0.00462,purifying
snakes_C9A,196,196,MACPF,0.491,4.607,0.0384,positive
snakes_C9A,198,198,MACPF,0.011,2.235,0.0302,positive
snakes_C9A,213,213,MACPF,2.651,0.0,0.0127,purifying
snakes_C9A,215,215,MACPF,4.207,0.0,0.00485,purifying
snakes_C9A,219,219,MACPF,0.011,2.705,0.0453,positive
snakes_C9A,232,232,MACPF,10.929,0.386,0.00102,purifying
snakes_C9A,242,242,MACPF,9.356,0.0,9.19e-06,purifying
snakes_C9A,248,248,MACPF,0.009,3.485,0.0229,positive
snakes_C9A,257,257,MACPF,0.009,3.943,0.0183,positive
snakes_C9A,258,258,MACPF,0.011,3.411,0.0042,positive
snakes_C9A,264,264,MACPF,5.655,0.0,0.00315,purifying
snakes_C9A,270,270,MACPF,0.0,1.941,0.0233,positive
snakes_C9A,294,294,MACPF,2.191,0.0,0.0153,purifying
snakes_C9A,299,299,MACPF,8.308,0.614,0.0128,purifying
snakes_C9A,301,301,MACPF,3.523,0.346,0.0332,purifying
snakes_C9A,317,317,MACPF,2.232,0.001,0.0207,purifying
snakes_C9A,334,334,MACPF,0.004,1.493,0.0488,positive
snakes_C9A,343,343,MACPF,6.635,0.0,0.00189,purifying
snakes_C9A,349,349,MACPF,2.232,0.001,0.0177,purifying
snakes_C9A,355,355,MACPF,0.01,3.138,0.00711,positive
snakes_C9A,357,357,MACPF,0.009,2.873,0.0329,positive
snakes_C9A,361,361,MACPF,5.437,0.0,0.00101,purifying
snakes_C9A,364,364,MACPF,2.41,0.007,0.0248,purifying
snakes_C9A,372,372,MACPF,0.611,3.637,0.0457,positive
snakes_C9A,396,395,MACPF,9.337,1.461,0.0258,purifying
snakes_C9A,397,396,MACPF,0.007,6.621,0.00253,positive
snakes_C9A,444,443,EGF,2.106,0.0,0.021,purifying
snakes_C9A,451,450,EGF,2.206,0.0,0.0151,purifying
snakes_C9A,453,452,EGF,1.435,0.0,0.0486,purifying
snakes_C9A,454,453,EGF,3.246,0.0,0.00954,purifying
snakes_C9A,462,461,EGF,3.772,0.0,0.0036,purifying
snakes_C9A,466,465,EGF,6.807,0.0,3.35e-05,purifying
snakes_C9A,480,479,EGF,2.216,0.0,0.015,purifying
snakes_C9A,491,490,EGF,5.634,0.276,0.00274,purifying
snakes_C9A,495,494,EGF,2.236,0.0,0.0197,purifying
snakes_C9A,498,497,EGF,11.851,0.0,0.000332,purifying
snakes_C9A,499,498,EGF,1.677,0.0,0.0375,purifying
snakes_C9A,503,502,EGF,6.141,0.0,4.41e-05,purifying
snakes_C9A,509,508,EGF,1.612,0.001,0.0334,purifying
snakes_C9A,511,510,EGF,5.0,0.0,0.00527,purifying
snakes_C9A,513,512,EGF,16.169,0.0,4.3e-05,purifying
snakes_C9A,522,521,TSP1_C,10.946,0.372,0.00382,purifying
snakes_C9A,530,529,TSP1_C,0.009,6.988,0.00749,positive
snakes_C9A,546,545,TSP1_C,2.397,0.0,0.0199,purifying
snakes_C9A,549,548,TSP1_C,2.779,0.0,0.00521,purifying
snakes_C9A,563,562,TSP1_C,2.135,0.0,0.0482,purifying
snakes_C9A,564,563,TSP1_C,2.135,0.0,0.0489,purifying
duplicated_snakes_C9A_C9B,39,39,TSP1_N,1.489,0.0,0.0198,purifying
duplicated_snakes_C9A_C9B,48,48,TSP1_N,2.007,0.0,0.00333,purifying
duplicated_snakes_C9A_C9B,52,52,TSP1_N,1.492,0.0,0.0155,purifying
duplicated_snakes_C9A_C9B,61,61,TSP1_N,1.047,0.0,0.0289,purifying
duplicated_snakes_C9A_C9B,67,67,TSP1_N,2.216,0.0,0.00539,purifying
duplicated_snakes_C9A_C9B,69,69,TSP1_N,4.718,0.0,0.000861,purifying
duplicated_snakes_C9A_C9B,71,71,TSP1_N,1.429,0.0,0.0225,purifying
duplicated_snakes_C9A_C9B,72,72,TSP1_N,2.142,0.0,0.00498,purifying
duplicated_snakes_C9A_C9B,79,79,TSP1_N,10.22,0.412,6.13e-05,purifying
duplicated_snakes_C9A_C9B,80,80,TSP1_N,7.404,0.533,0.00331,purifying
duplicated_snakes_C9A_C9B,83,83,TSP1_N,0.409,3.021,0.0205,positive
duplicated_snakes_C9A_C9B,85,85,LDLRA,0.0,2.009,0.0268,positive
duplicated_snakes_C9A_C9B,90,90,LDLRA,3.387,0.001,0.00144,purifying
duplicated_snakes_C9A_C9B,92,92,LDLRA,3.097,0.0,0.00532,purifying
duplicated_snakes_C9A_C9B,95,95,LDLRA,2.427,0.247,0.033,purifying
duplicated_snakes_C9A_C9B,114,114,LDLRA,1.055,0.0,0.0461,purifying
duplicated_snakes_C9A_C9B,118,118,LDLRA,4.102,0.247,0.00237,purifying
duplicated_snakes_C9A_C9B,121,121,LDLRA,2.43,0.215,0.0249,purifying
duplicated_snakes_C9A_C9B,124,124,LDLRA,1.525,0.0,0.0152,purifying
duplicated_snakes_C9A_C9B,125,125,LDLRA,5.46,0.807,0.0178,purifying
duplicated_snakes_C9A_C9B,127,127,MACPF,16.016,0.0,4.12e-08,purifying
duplicated_snakes_C9A_C9B,138,138,MACPF,1.267,0.0,0.0109,purifying
duplicated_snakes_C9A_C9B,145,145,MACPF,4.524,0.965,0.0464,purifying
duplicated_snakes_C9A_C9B,154,154,MACPF,1.472,0.0,0.0224,purifying
duplicated_snakes_C9A_C9B,164,164,MACPF,6.532,0.0,3.1e-07,purifying
duplicated_snakes_C9A_C9B,175,175,MACPF,6.398,0.0,0.000309,purifying
duplicated_snakes_C9A_C9B,178,178,MACPF,4.776,0.0,0.00087,purifying
duplicated_snakes_C9A_C9B,179,179,MACPF,2.231,0.0,0.00296,purifying
duplicated_snakes_C9A_C9B,181,181,MACPF,1.235,0.0,0.0203,purifying
duplicated_snakes_C9A_C9B,182,182,MACPF,1.462,0.0,0.0156,purifying
duplicated_snakes_C9A_C9B,195,195,MACPF,2.616,0.0,0.00668,purifying
duplicated_snakes_C9A_C9B,198,198,MACPF,0.0,1.782,0.0137,positive
duplicated_snakes_C9A_C9B,215,215,MACPF,5.962,0.0,1.89e-05,purifying
duplicated_snakes_C9A_C9B,219,219,MACPF,0.0,1.99,0.0389,positive
duplicated_snakes_C9A_C9B,225,225,MACPF,0.0,2.01,0.0163,positive
duplicated_snakes_C9A_C9B,232,232,MACPF,3.634,0.573,0.0322,purifying
duplicated_snakes_C9A_C9B,242,242,MACPF,8.212,0.488,2.42e-05,purifying
duplicated_snakes_C9A_C9B,247,247,MACPF,0.0,1.97,0.0419,positive
duplicated_snakes_C9A_C9B,251,251,MACPF,0.009,2.4,0.0352,positive
duplicated_snakes_C9A_C9B,264,264,MACPF,1.322,0.0,0.0469,purifying
duplicated_snakes_C9A_C9B,270,270,MACPF,0.004,1.302,0.0253,positive
duplicated_snakes_C9A_C9B,291,291,MACPF,7.403,0.433,0.00146,purifying
duplicated_snakes_C9A_C9B,294,294,MACPF,1.867,0.0,0.0044,purifying
duplicated_snakes_C9A_C9B,299,299,MACPF,4.776,0.0,0.000441,purifying
duplicated_snakes_C9A_C9B,301,301,MACPF,3.143,0.25,0.00917,purifying
duplicated_snakes_C9A_C9B,317,317,MACPF,2.216,0.0,0.00495,purifying
duplicated_snakes_C9A_C9B,321,321,MACPF,2.977,0.0,0.00704,purifying
duplicated_snakes_C9A_C9B,322,322,MACPF,1.556,0.0,0.0126,purifying
duplicated_snakes_C9A_C9B,334,334,MACPF,0.0,1.827,0.00837,positive
duplicated_snakes_C9A_C9B,336,336,MACPF,2.231,0.0,0.00505,purifying
duplicated_snakes_C9A_C9B,340,340,MACPF,2.461,0.0,0.00379,purifying
duplicated_snakes_C9A_C9B,341,341,MACPF,1.223,0.0,0.035,purifying
duplicated_snakes_C9A_C9B,343,343,MACPF,7.398,0.0,6.07e-05,purifying
duplicated_snakes_C9A_C9B,346,346,MACPF,2.524,0.0,0.0072,purifying
duplicated_snakes_C9A_C9B,349,349,MACPF,3.209,0.0,0.000755,purifying
duplicated_snakes_C9A_C9B,355,355,MACPF,0.0,2.541,0.00232,positive
duplicated_snakes_C9A_C9B,357,357,MACPF,0.01,2.771,0.0121,positive
duplicated_snakes_C9A_C9B,361,361,MACPF,6.855,0.231,8.83e-05,purifying
duplicated_snakes_C9A_C9B,363,363,MACPF,1.421,0.0,0.0217,purifying
duplicated_snakes_C9A_C9B,383,382,MACPF,0.009,3.757,0.0188,positive
duplicated_snakes_C9A_C9B,384,383,MACPF,0.0,2.203,0.0397,positive
duplicated_snakes_C9A_C9B,392,391,MACPF,0.01,4.393,0.034,positive
duplicated_snakes_C9A_C9B,396,395,MACPF,8.137,1.468,0.00881,purifying
duplicated_snakes_C9A_C9B,397,396,MACPF,0.574,7.012,0.00933,positive
duplicated_snakes_C9A_C9B,398,397,MACPF,0.01,3.256,0.0487,positive
duplicated_snakes_C9A_C9B,407,406,MACPF,0.01,2.549,0.0452,positive
duplicated_snakes_C9A_C9B,411,410,MACPF,1.581,0.0,0.0212,purifying
duplicated_snakes_C9A_C9B,416,415,MACPF,0.95,0.0,0.0395,purifying
duplicated_snakes_C9A_C9B,422,421,MACPF,2.231,0.0,0.00394,purifying
duplicated_snakes_C9A_C9B,440,439,EGF,6.097,0.0,0.000277,purifying
duplicated_snakes_C9A_C9B,444,443,EGF,1.454,0.0,0.02,purifying
duplicated_snakes_C9A_C9B,450,449,EGF,1.556,0.0,0.0179,purifying
duplicated_snakes_C9A_C9B,451,450,EGF,1.525,0.0,0.0146,purifying
duplicated_snakes_C9A_C9B,454,453,EGF,1.735,0.0,0.0139,purifying
duplicated_snakes_C9A_C9B,462,461,EGF,4.184,0.0,0.000156,purifying
duplicated_snakes_C9A_C9B,466,465,EGF,6.343,0.0,4.7e-07,purifying
duplicated_snakes_C9A_C9B,474,473,EGF,0.008,3.38,0.038,positive
duplicated_snakes_C9A_C9B,486,485,EGF,4.319,0.334,0.0183,purifying
duplicated_snakes_C9A_C9B,491,490,EGF,7.757,0.416,4.01e-05,purifying
duplicated_snakes_C9A_C9B,492,491,EGF,3.091,0.294,0.016,purifying
duplicated_snakes_C9A_C9B,495,494,EGF,2.343,0.0,0.00407,purifying
duplicated_snakes_C9A_C9B,498,497,EGF,9.344,0.0,1.27e-05,purifying
duplicated_snakes_C9A_C9B,499,498,EGF,3.266,0.0,0.000604,purifying
duplicated_snakes_C9A_C9B,500,499,EGF,1.382,0.0,0.047,purifying
duplicated_snakes_C9A_C9B,502,501,EGF,0.95,0.0,0.04,purifying
duplicated_snakes_C9A_C9B,503,502,EGF,6.407,0.0,4.08e-07,purifying
duplicated_snakes_C9A_C9B,509,508,EGF,1.299,0.0,0.0254,purifying
duplicated_snakes_C9A_C9B,511,510,EGF,3.034,0.0,0.00649,purifying
duplicated_snakes_C9A_C9B,513,512,EGF,10.844,0.0,2.19e-06,purifying
duplicated_snakes_C9A_C9B,522,521,TSP1_C,10.154,0.743,0.00229,purifying
duplicated_snakes_C9A_C9B,530,529,TSP1_C,0.008,3.38,0.0134,positive
duplicated_snakes_C9A_C9B,549,548,TSP1_C,2.779,0.0,0.000687,purifying
duplicated_snakes_C9A_C9B,560,559,TSP1_C,1.941,0.0,0.012,purifying
duplicated_snakes_C9A_C9B,569,568,TSP1_C,0.009,2.967,0.0197,positive
duplicated_snakes_C9A_C9B,576,575,TSP1_C,2.156,0.0,0.00574,purifying
duplicated_snakes_C9A_C9B,578,577,TSP1_C,4.902,0.912,0.0326,purifying
colubrid_C9A_C9B_C9C,21,21,signal_peptide,7.443,0.0,0.0211,purifying
colubrid_C9A_C9B_C9C,50,50,TSP1_N,8.945,0.0,0.0196,purifying
colubrid_C9A_C9B_C9C,52,52,TSP1_N,4.269,0.0,0.0433,purifying
colubrid_C9A_C9B_C9C,58,58,TSP1_N,26.4,1.126,0.0176,purifying
colubrid_C9A_C9B_C9C,67,67,TSP1_N,7.962,0.0,0.0147,purifying
colubrid_C9A_C9B_C9C,77,77,TSP1_N,11.57,0.978,0.0296,purifying
colubrid_C9A_C9B_C9C,79,79,TSP1_N,8.945,0.0,0.00684,purifying
colubrid_C9A_C9B_C9C,80,80,TSP1_N,19.071,0.0,0.00254,purifying
colubrid_C9A_C9B_C9C,86,86,LDLRA,9.06,0.0,0.0126,purifying
colubrid_C9A_C9B_C9C,92,92,LDLRA,8.802,0.0,0.0394,purifying
colubrid_C9A_C9B_C9C,108,108,LDLRA,20.779,0.001,0.00373,purifying
colubrid_C9A_C9B_C9C,125,125,LDLRA,13.374,0.001,0.00581,purifying
colubrid_C9A_C9B_C9C,127,127,MACPF,19.219,0.0,0.000803,purifying
colubrid_C9A_C9B_C9C,131,131,MACPF,7.823,0.0,0.0463,purifying
colubrid_C9A_C9B_C9C,135,135,MACPF,7.622,0.0,0.0402,purifying
colubrid_C9A_C9B_C9C,148,148,MACPF,8.57,0.0,0.0217,purifying
colubrid_C9A_C9B_C9C,164,164,MACPF,4.379,0.0,0.0233,purifying
colubrid_C9A_C9B_C9C,178,178,MACPF,21.659,0.0,0.00244,purifying
colubrid_C9A_C9B_C9C,186,186,MACPF,7.832,0.0,0.0128,purifying
colubrid_C9A_C9B_C9C,187,187,MACPF,4.571,0.0,0.0277,purifying
colubrid_C9A_C9B_C9C,189,189,MACPF,7.99,0.0,0.0474,purifying
colubrid_C9A_C9B_C9C,215,215,MACPF,9.475,0.0,0.00618,purifying
colubrid_C9A_C9B_C9C,248,248,MACPF,4.856,0.0,0.0486,purifying
colubrid_C9A_C9B_C9C,254,254,MACPF,3.695,0.0,0.0394,purifying
colubrid_C9A_C9B_C9C,353,349,MACPF,59.04,0.0,1.19e-06,purifying
colubrid_C9A_C9B_C9C,428,424,MACPF,7.823,0.0,0.0416,purifying
colubrid_C9A_C9B_C9C,443,439,EGF,8.945,0.0,0.0256,purifying
colubrid_C9A_C9B_C9C,444,440,EGF,15.169,1.051,0.00932,purifying
colubrid_C9A_C9B_C9C,463,459,EGF,4.269,0.0,0.0433,purifying
colubrid_C9A_C9B_C9C,465,461,EGF,9.087,0.0,0.0067,purifying
colubrid_C9A_C9B_C9C,469,465,EGF,10.259,0.0,0.00279,purifying
colubrid_C9A_C9B_C9C,494,490,EGF,21.431,0.779,0.0218,purifying
colubrid_C9A_C9B_C9C,506,502,EGF,4.428,0.0,0.0302,purifying
colubrid_C9A_C9B_C9C,511,507,EGF,20.835,0.931,0.0225,purifying
colubrid_C9A_C9B_C9C,516,512,EGF,15.096,0.0,0.00375,purifying
colubrid_C9A_C9B_C9C,525,521,TSP1_C,18.69,0.0,0.000914,purifying
colubrid_C9A_C9B_C9C,553,549,TSP1_C,4.839,0.0,0.026,purifying
colubrid_C9A_C9B_C9C,563,559,TSP1_C,12.169,0.0,0.00599,purifying
colubrid_C9A_C9B_C9C,577,573,TSP1_C,9.654,0.0,0.0191,purifying
