EMBOSS_001,f3c3658259655a4708f5828f1435470a,583,MobiDBLite,mobidb-lite,consensus disorder prediction,559,583,-,T,03-07-2026,-,-,-,-
EMBOSS_001,f3c3658259655a4708f5828f1435470a,583,Pfam,PF01823,MAC/Perforin domain,154,495,8.8E-35,T,03-07-2026,IPR020864,Membrane attack complex component/perforin (MACPF) domain,-,Reactome:R-BTA-166665|Reactome:R-BTA-977606|Reactome:R-HSA-166665|Reactome:R-HSA-9725371|Reactome:R-HSA-977606|Reactome:R-MMU-166665|Reactome:R-MMU-977606|Reactome:R-RNO-166665|Reactome:R-RNO-977606
EMBOSS_001,f3c3658259655a4708f5828f1435470a,583,SignalP_EUK,SignalP-noTM,SignalP-noTM,1,20,-,T,03-07-2026,-,-,-,-
EMBOSS_001,f3c3658259655a4708f5828f1435470a,583,ProSiteProfiles,PS50068,LDL-receptor class A (LDLRA) domain profile.,96,132,11.912499,T,03-07-2026,IPR002172,Low-density lipoprotein (LDL) receptor class A repeat,GO:0005515(InterPro),Reactome:R-BTA-166665|Reactome:R-BTA-8856825|Reactome:R-BTA-8856828|Reactome:R-BTA-8964026|Reactome:R-BTA-8964038|Reactome:R-BTA-977606|Reactome:R-CEL-1474228|Reactome:R-CEL-1566948|Reactome:R-CEL-2129379|Reactome:R-CEL-216083|Reactome:R-CEL-2173789|Reactome:R-CEL-381426|Reactome:R-CEL-8957275|Reactome:R-CFA-201556|Reactome:R-CFA-444821|Reactome:R-CFA-9851151|Reactome:R-DRE-201556|Reactome:R-DRE-9842663|Reactome:R-DRE-9851151|Reactome:R-GGA-8866376|Reactome:R-GGA-8866427|Reactome:R-HSA-1442490|Reactome:R-HSA-1474228|Reactome:R-HSA-166665|Reactome:R-HSA-196791|Reactome:R-HSA-1971475|Reactome:R-HSA-201556|Reactome:R-HSA-201681|Reactome:R-HSA-2022928|Reactome:R-HSA-2024096|Reactome:R-HSA-216083|Reactome:R-HSA-2168880|Reactome:R-HSA-3000157|Reactome:R-HSA-3000171|Reactome:R-HSA-3000178|Reactome:R-HSA-3359485|Reactome:R-HSA-3560783|Reactome:R-HSA-3560801|Reactome:R-HSA-3656237|Reactome:R-HSA-3656253|Reactome:R-HSA-3772470|Reactome:R-HSA-418555|Reactome:R-HSA-432142|Reactome:R-HSA-4420332|Reactome:R-HSA-444821|Reactome:R-HSA-4641262|Reactome:R-HSA-4641263|Reactome:R-HSA-5083635|Reactome:R-HSA-5173214|Reactome:R-HSA-5339717|Reactome:R-HSA-5340588|Reactome:R-HSA-5578768|Reactome:R-HSA-6806942|Reactome:R-HSA-6809371|Reactome:R-HSA-8852405|Reactome:R-HSA-8856825|Reactome:R-HSA-8856828|Reactome:R-HSA-8866376|Reactome:R-HSA-8866427|Reactome:R-HSA-8964026|Reactome:R-HSA-8964038|Reactome:R-HSA-8964046|Reactome:R-HSA-9678110|Reactome:R-HSA-9694614|Reactome:R-HSA-9700645|Reactome:R-HSA-9717264|Reactome:R-HSA-9717301|Reactome:R-HSA-9717316|Reactome:R-HSA-9717319|Reactome:R-HSA-9717323|Reactome:R-HSA-9717326|Reactome:R-HSA-9717329|Reactome:R-HSA-9725370|Reactome:R-HSA-9733458|Reactome:R-HSA-975634|Reactome:R-HSA-9758890|Reactome:R-HSA-977225|Reactome:R-HSA-977606|Reactome:R-HSA-9820960|Reactome:R-HSA-9833110|Reactome:R-HSA-9851151|Reactome:R-HSA-9856532|Reactome:R-HSA-9913351|Reactome:R-HSA-9918481|Reactome:R-HSA-9918485|Reactome:R-MMU-1442490|Reactome:R-MMU-1474228|Reactome:R-MMU-166665|Reactome:R-MMU-201556|Reactome:R-MMU-2168880|Reactome:R-MMU-3772470|Reactome:R-MMU-418555|Reactome:R-MMU-432142|Reactome:R-MMU-444821|Reactome:R-MMU-4641262|Reactome:R-MMU-4641263|Reactome:R-MMU-5173214|Reactome:R-MMU-5578768|Reactome:R-MMU-6806942|Reactome:R-MMU-8852405|Reactome:R-MMU-8856825|Reactome:R-MMU-8856828|Reactome:R-MMU-8866376|Reactome:R-MMU-8866427|Reactome:R-MMU-8964026|Reactome:R-MMU-8964038|Reactome:R-MMU-8964046|Reactome:R-MMU-975634|Reactome:R-MMU-9758890|Reactome:R-MMU-977606|Reactome:R-MMU-9851151|Reactome:R-RNO-166665|Reactome:R-RNO-196791|Reactome:R-RNO-2168880|Reactome:R-RNO-444821|Reactome:R-RNO-5173214|Reactome:R-RNO-5578768|Reactome:R-RNO-8856825|Reactome:R-RNO-8856828|Reactome:R-RNO-8866376|Reactome:R-RNO-8866427|Reactome:R-RNO-8964026|Reactome:R-RNO-8964038|Reactome:R-RNO-8964046|Reactome:R-RNO-975634|Reactome:R-RNO-9758890|Reactome:R-RNO-977606
EMBOSS_001,f3c3658259655a4708f5828f1435470a,583,SUPERFAMILY,SSF82895,TSP-1 type 1 repeat,537,583,6.8E-8,T,03-07-2026,IPR036383,Thrombospondin type-1 repeat superfamily,-,Reactome:R-BTA-1650814|Reactome:R-BTA-166665|Reactome:R-BTA-4641263|Reactome:R-BTA-5173214|Reactome:R-BTA-977606|Reactome:R-CEL-373752|Reactome:R-CEL-5173214|Reactome:R-DME-373752|Reactome:R-DME-416700|Reactome:R-DME-5173214|Reactome:R-DRE-4641263|Reactome:R-DRE-5173214|Reactome:R-GGA-381426|Reactome:R-GGA-8957275|Reactome:R-HSA-114608|Reactome:R-HSA-1474228|Reactome:R-HSA-1650814|Reactome:R-HSA-166665|Reactome:R-HSA-173736|Reactome:R-HSA-174577|Reactome:R-HSA-186797|Reactome:R-HSA-2032785|Reactome:R-HSA-216083|Reactome:R-HSA-2404192|Reactome:R-HSA-3000170|Reactome:R-HSA-373752|Reactome:R-HSA-381426|Reactome:R-HSA-416700|Reactome:R-HSA-418886|Reactome:R-HSA-418889|Reactome:R-HSA-4641263|Reactome:R-HSA-5083635|Reactome:R-HSA-5173214|Reactome:R-HSA-6798695|Reactome:R-HSA-75892|Reactome:R-HSA-8936459|Reactome:R-HSA-8939256|Reactome:R-HSA-8951671|Reactome:R-HSA-8957275|Reactome:R-HSA-977606|Reactome:R-HSA-9845619|Reactome:R-HSA-9845621|Reactome:R-MMU-114608|Reactome:R-MMU-1474228|Reactome:R-MMU-1650814|Reactome:R-MMU-166665|Reactome:R-MMU-173736|Reactome:R-MMU-174577|Reactome:R-MMU-186797|Reactome:R-MMU-216083|Reactome:R-MMU-2404192|Reactome:R-MMU-373752|Reactome:R-MMU-381426|Reactome:R-MMU-416700|Reactome:R-MMU-4641263|Reactome:R-MMU-5173214|Reactome:R-MMU-6798695|Reactome:R-MMU-8957275|Reactome:R-MMU-977606|Reactome:R-RNO-1474228|Reactome:R-RNO-166665|Reactome:R-RNO-373752|Reactome:R-RNO-381426|Reactome:R-RNO-416700|Reactome:R-RNO-5173214|Reactome:R-RNO-8957275|Reactome:R-RNO-977606|Reactome:R-XTR-4641263
EMBOSS_001,f3c3658259655a4708f5828f1435470a,583,SUPERFAMILY,SSF57424,LDL receptor-like module,96,131,7.85E-8,T,03-07-2026,IPR036055,LDL receptor-like superfamily,GO:0005515(InterPro),Reactome:R-BTA-166665|Reactome:R-BTA-381426|Reactome:R-BTA-8856825|Reactome:R-BTA-8856828|Reactome:R-BTA-8957275|Reactome:R-BTA-8964026|Reactome:R-BTA-8964038|Reactome:R-BTA-9768727|Reactome:R-BTA-977606|Reactome:R-CEL-1474228|Reactome:R-CEL-1566948|Reactome:R-CEL-2129379|Reactome:R-CEL-216083|Reactome:R-CEL-2173789|Reactome:R-CEL-381426|Reactome:R-CEL-8957275|Reactome:R-CFA-201556|Reactome:R-CFA-444821|Reactome:R-CFA-9851151|Reactome:R-DRE-9842663|Reactome:R-GGA-8866376|Reactome:R-GGA-8866427|Reactome:R-HSA-1442490|Reactome:R-HSA-1474228|Reactome:R-HSA-166665|Reactome:R-HSA-196791|Reactome:R-HSA-1971475|Reactome:R-HSA-201556|Reactome:R-HSA-201681|Reactome:R-HSA-2022928|Reactome:R-HSA-2024096|Reactome:R-HSA-216083|Reactome:R-HSA-2168880|Reactome:R-HSA-3000157|Reactome:R-HSA-3000171|Reactome:R-HSA-3000178|Reactome:R-HSA-3359485|Reactome:R-HSA-3560783|Reactome:R-HSA-3560801|Reactome:R-HSA-3656237|Reactome:R-HSA-3656253|Reactome:R-HSA-3772470|Reactome:R-HSA-381426|Reactome:R-HSA-418555|Reactome:R-HSA-432142|Reactome:R-HSA-4420332|Reactome:R-HSA-444821|Reactome:R-HSA-4641262|Reactome:R-HSA-4641263|Reactome:R-HSA-5083635|Reactome:R-HSA-5173214|Reactome:R-HSA-532668|Reactome:R-HSA-5339717|Reactome:R-HSA-5340588|Reactome:R-HSA-5578768|Reactome:R-HSA-6806942|Reactome:R-HSA-6809371|Reactome:R-HSA-879415|Reactome:R-HSA-8852405|Reactome:R-HSA-8856825|Reactome:R-HSA-8856828|Reactome:R-HSA-8866376|Reactome:R-HSA-8866427|Reactome:R-HSA-8957275|Reactome:R-HSA-8964026|Reactome:R-HSA-8964038|Reactome:R-HSA-8964046|Reactome:R-HSA-901042|Reactome:R-HSA-9678110|Reactome:R-HSA-9683686|Reactome:R-HSA-9694548|Reactome:R-HSA-9694614|Reactome:R-HSA-9700645|Reactome:R-HSA-9717264|Reactome:R-HSA-9717301|Reactome:R-HSA-9717316|Reactome:R-HSA-9717319|Reactome:R-HSA-9717323|Reactome:R-HSA-9717326|Reactome:R-HSA-9717329|Reactome:R-HSA-9725370|Reactome:R-HSA-9733458|Reactome:R-HSA-975634|Reactome:R-HSA-9758890|Reactome:R-HSA-9768727|Reactome:R-HSA-977225|Reactome:R-HSA-977606|Reactome:R-HSA-9820960|Reactome:R-HSA-9833110|Reactome:R-HSA-9851151|Reactome:R-HSA-9856532|Reactome:R-HSA-9913351|Reactome:R-HSA-9918481|Reactome:R-HSA-9918485|Reactome:R-MMU-1442490|Reactome:R-MMU-1474228|Reactome:R-MMU-166665|Reactome:R-MMU-201556|Reactome:R-MMU-2168880|Reactome:R-MMU-3772470|Reactome:R-MMU-381426|Reactome:R-MMU-418555|Reactome:R-MMU-432142|Reactome:R-MMU-444821|Reactome:R-MMU-4641262|Reactome:R-MMU-4641263|Reactome:R-MMU-5173214|Reactome:R-MMU-5578768|Reactome:R-MMU-6806942|Reactome:R-MMU-8852405|Reactome:R-MMU-8856825|Reactome:R-MMU-8856828|Reactome:R-MMU-8866376|Reactome:R-MMU-8866427|Reactome:R-MMU-8957275|Reactome:R-MMU-8964026|Reactome:R-MMU-8964038|Reactome:R-MMU-8964046|Reactome:R-MMU-975634|Reactome:R-MMU-9758890|Reactome:R-MMU-9768727|Reactome:R-MMU-977606|Reactome:R-MMU-9851151|Reactome:R-RNO-166665|Reactome:R-RNO-196791|Reactome:R-RNO-2168880|Reactome:R-RNO-444821|Reactome:R-RNO-5173214|Reactome:R-RNO-5578768|Reactome:R-RNO-8856825|Reactome:R-RNO-8856828|Reactome:R-RNO-8866376|Reactome:R-RNO-8866427|Reactome:R-RNO-8964026|Reactome:R-RNO-8964038|Reactome:R-RNO-8964046|Reactome:R-RNO-975634|Reactome:R-RNO-9758890|Reactome:R-RNO-977606
EMBOSS_001,f3c3658259655a4708f5828f1435470a,583,Phobius,SIGNAL_PEPTIDE_C_REGION,C-terminal region of a signal peptide.,15,20,-,T,03-07-2026,-,-,-,-
EMBOSS_001,f3c3658259655a4708f5828f1435470a,583,Phobius,SIGNAL_PEPTIDE_N_REGION,N-terminal region of a signal peptide.,1,2,-,T,03-07-2026,-,-,-,-
EMBOSS_001,f3c3658259655a4708f5828f1435470a,583,Phobius,SIGNAL_PEPTIDE,Signal peptide region,1,20,-,T,03-07-2026,-,-,-,-
EMBOSS_001,f3c3658259655a4708f5828f1435470a,583,Gene3D,G3DSA:2.20.100.10,-,37,85,1.6E-7,T,03-07-2026,IPR036383,Thrombospondin type-1 repeat superfamily,-,Reactome:R-BTA-1650814|Reactome:R-BTA-166665|Reactome:R-BTA-4641263|Reactome:R-BTA-5173214|Reactome:R-BTA-977606|Reactome:R-CEL-373752|Reactome:R-CEL-5173214|Reactome:R-DME-373752|Reactome:R-DME-416700|Reactome:R-DME-5173214|Reactome:R-DRE-4641263|Reactome:R-DRE-5173214|Reactome:R-GGA-381426|Reactome:R-GGA-8957275|Reactome:R-HSA-114608|Reactome:R-HSA-1474228|Reactome:R-HSA-1650814|Reactome:R-HSA-166665|Reactome:R-HSA-173736|Reactome:R-HSA-174577|Reactome:R-HSA-186797|Reactome:R-HSA-2032785|Reactome:R-HSA-216083|Reactome:R-HSA-2404192|Reactome:R-HSA-3000170|Reactome:R-HSA-373752|Reactome:R-HSA-381426|Reactome:R-HSA-416700|Reactome:R-HSA-418886|Reactome:R-HSA-418889|Reactome:R-HSA-4641263|Reactome:R-HSA-5083635|Reactome:R-HSA-5173214|Reactome:R-HSA-6798695|Reactome:R-HSA-75892|Reactome:R-HSA-8936459|Reactome:R-HSA-8939256|Reactome:R-HSA-8951671|Reactome:R-HSA-8957275|Reactome:R-HSA-977606|Reactome:R-HSA-9845619|Reactome:R-HSA-9845621|Reactome:R-MMU-114608|Reactome:R-MMU-1474228|Reactome:R-MMU-1650814|Reactome:R-MMU-166665|Reactome:R-MMU-173736|Reactome:R-MMU-174577|Reactome:R-MMU-186797|Reactome:R-MMU-216083|Reactome:R-MMU-2404192|Reactome:R-MMU-373752|Reactome:R-MMU-381426|Reactome:R-MMU-416700|Reactome:R-MMU-4641263|Reactome:R-MMU-5173214|Reactome:R-MMU-6798695|Reactome:R-MMU-8957275|Reactome:R-MMU-977606|Reactome:R-RNO-1474228|Reactome:R-RNO-166665|Reactome:R-RNO-373752|Reactome:R-RNO-381426|Reactome:R-RNO-416700|Reactome:R-RNO-5173214|Reactome:R-RNO-8957275|Reactome:R-RNO-977606|Reactome:R-XTR-4641263
EMBOSS_001,f3c3658259655a4708f5828f1435470a,583,ProSiteProfiles,PS50092,Thrombospondin type-1 (TSP1) repeat profile.,538,581,9.829473,T,03-07-2026,IPR000884,Thrombospondin type-1 (TSP1) repeat,-,Reactome:R-BTA-1650814|Reactome:R-BTA-166665|Reactome:R-BTA-4641263|Reactome:R-BTA-5173214|Reactome:R-BTA-977606|Reactome:R-CEL-373752|Reactome:R-CEL-5173214|Reactome:R-DME-373752|Reactome:R-DME-416700|Reactome:R-DME-5173214|Reactome:R-DRE-4641263|Reactome:R-DRE-5173214|Reactome:R-GGA-381426|Reactome:R-GGA-8957275|Reactome:R-HSA-114608|Reactome:R-HSA-1474228|Reactome:R-HSA-1650814|Reactome:R-HSA-166665|Reactome:R-HSA-173736|Reactome:R-HSA-174577|Reactome:R-HSA-186797|Reactome:R-HSA-2032785|Reactome:R-HSA-216083|Reactome:R-HSA-2404192|Reactome:R-HSA-3000170|Reactome:R-HSA-373752|Reactome:R-HSA-381426|Reactome:R-HSA-416700|Reactome:R-HSA-418886|Reactome:R-HSA-418889|Reactome:R-HSA-4641263|Reactome:R-HSA-5083635|Reactome:R-HSA-5173214|Reactome:R-HSA-6798695|Reactome:R-HSA-75892|Reactome:R-HSA-8936459|Reactome:R-HSA-8939256|Reactome:R-HSA-8951671|Reactome:R-HSA-8957275|Reactome:R-HSA-977606|Reactome:R-HSA-9845619|Reactome:R-HSA-9845621|Reactome:R-MMU-114608|Reactome:R-MMU-1474228|Reactome:R-MMU-1650814|Reactome:R-MMU-166665|Reactome:R-MMU-173736|Reactome:R-MMU-174577|Reactome:R-MMU-186797|Reactome:R-MMU-216083|Reactome:R-MMU-2404192|Reactome:R-MMU-373752|Reactome:R-MMU-381426|Reactome:R-MMU-416700|Reactome:R-MMU-4641263|Reactome:R-MMU-5173214|Reactome:R-MMU-6798695|Reactome:R-MMU-8957275|Reactome:R-MMU-977606|Reactome:R-RNO-1474228|Reactome:R-RNO-166665|Reactome:R-RNO-373752|Reactome:R-RNO-381426|Reactome:R-RNO-416700|Reactome:R-RNO-5173214|Reactome:R-RNO-8957275|Reactome:R-RNO-977606|Reactome:R-XTR-4641263
EMBOSS_001,f3c3658259655a4708f5828f1435470a,583,SMART,SM00209,TSP1_2,41,91,0.0029,T,03-07-2026,IPR000884,Thrombospondin type-1 (TSP1) repeat,-,Reactome:R-BTA-1650814|Reactome:R-BTA-166665|Reactome:R-BTA-4641263|Reactome:R-BTA-5173214|Reactome:R-BTA-977606|Reactome:R-CEL-373752|Reactome:R-CEL-5173214|Reactome:R-DME-373752|Reactome:R-DME-416700|Reactome:R-DME-5173214|Reactome:R-DRE-4641263|Reactome:R-DRE-5173214|Reactome:R-GGA-381426|Reactome:R-GGA-8957275|Reactome:R-HSA-114608|Reactome:R-HSA-1474228|Reactome:R-HSA-1650814|Reactome:R-HSA-166665|Reactome:R-HSA-173736|Reactome:R-HSA-174577|Reactome:R-HSA-186797|Reactome:R-HSA-2032785|Reactome:R-HSA-216083|Reactome:R-HSA-2404192|Reactome:R-HSA-3000170|Reactome:R-HSA-373752|Reactome:R-HSA-381426|Reactome:R-HSA-416700|Reactome:R-HSA-418886|Reactome:R-HSA-418889|Reactome:R-HSA-4641263|Reactome:R-HSA-5083635|Reactome:R-HSA-5173214|Reactome:R-HSA-6798695|Reactome:R-HSA-75892|Reactome:R-HSA-8936459|Reactome:R-HSA-8939256|Reactome:R-HSA-8951671|Reactome:R-HSA-8957275|Reactome:R-HSA-977606|Reactome:R-HSA-9845619|Reactome:R-HSA-9845621|Reactome:R-MMU-114608|Reactome:R-MMU-1474228|Reactome:R-MMU-1650814|Reactome:R-MMU-166665|Reactome:R-MMU-173736|Reactome:R-MMU-174577|Reactome:R-MMU-186797|Reactome:R-MMU-216083|Reactome:R-MMU-2404192|Reactome:R-MMU-373752|Reactome:R-MMU-381426|Reactome:R-MMU-416700|Reactome:R-MMU-4641263|Reactome:R-MMU-5173214|Reactome:R-MMU-6798695|Reactome:R-MMU-8957275|Reactome:R-MMU-977606|Reactome:R-RNO-1474228|Reactome:R-RNO-166665|Reactome:R-RNO-373752|Reactome:R-RNO-381426|Reactome:R-RNO-416700|Reactome:R-RNO-5173214|Reactome:R-RNO-8957275|Reactome:R-RNO-977606|Reactome:R-XTR-4641263
EMBOSS_001,f3c3658259655a4708f5828f1435470a,583,SignalP_EUK,SignalP-noTM,SignalP-noTM,1,20,-,T,03-07-2026,-,-,-,-
EMBOSS_001,f3c3658259655a4708f5828f1435470a,583,Phobius,SIGNAL_PEPTIDE_H_REGION,Hydrophobic region of a signal peptide.,3,14,-,T,03-07-2026,-,-,-,-
EMBOSS_001,f3c3658259655a4708f5828f1435470a,583,MobiDBLite,mobidb-lite,consensus disorder prediction,574,583,-,T,03-07-2026,-,-,-,-
EMBOSS_001,f3c3658259655a4708f5828f1435470a,583,ProSitePatterns,PS00279,Membrane attack complex/perforin (MACPF) domain signature.,318,329,-,T,03-07-2026,IPR020863,"Membrane attack complex component/perforin domain, conserved site",-,Reactome:R-BTA-166665|Reactome:R-BTA-977606|Reactome:R-HSA-166665|Reactome:R-HSA-9725371|Reactome:R-HSA-977606|Reactome:R-MMU-166665|Reactome:R-MMU-977606|Reactome:R-RNO-166665|Reactome:R-RNO-977606
EMBOSS_001,f3c3658259655a4708f5828f1435470a,583,Gene3D,G3DSA:2.10.25.10,Laminin,468,528,6.7E-7,T,03-07-2026,-,-,-,-
EMBOSS_001,f3c3658259655a4708f5828f1435470a,583,SMART,SM00192,LDLa_2,96,133,1.3E-8,T,03-07-2026,IPR002172,Low-density lipoprotein (LDL) receptor class A repeat,GO:0005515(InterPro),Reactome:R-BTA-166665|Reactome:R-BTA-8856825|Reactome:R-BTA-8856828|Reactome:R-BTA-8964026|Reactome:R-BTA-8964038|Reactome:R-BTA-977606|Reactome:R-CEL-1474228|Reactome:R-CEL-1566948|Reactome:R-CEL-2129379|Reactome:R-CEL-216083|Reactome:R-CEL-2173789|Reactome:R-CEL-381426|Reactome:R-CEL-8957275|Reactome:R-CFA-201556|Reactome:R-CFA-444821|Reactome:R-CFA-9851151|Reactome:R-DRE-201556|Reactome:R-DRE-9842663|Reactome:R-DRE-9851151|Reactome:R-GGA-8866376|Reactome:R-GGA-8866427|Reactome:R-HSA-1442490|Reactome:R-HSA-1474228|Reactome:R-HSA-166665|Reactome:R-HSA-196791|Reactome:R-HSA-1971475|Reactome:R-HSA-201556|Reactome:R-HSA-201681|Reactome:R-HSA-2022928|Reactome:R-HSA-2024096|Reactome:R-HSA-216083|Reactome:R-HSA-2168880|Reactome:R-HSA-3000157|Reactome:R-HSA-3000171|Reactome:R-HSA-3000178|Reactome:R-HSA-3359485|Reactome:R-HSA-3560783|Reactome:R-HSA-3560801|Reactome:R-HSA-3656237|Reactome:R-HSA-3656253|Reactome:R-HSA-3772470|Reactome:R-HSA-418555|Reactome:R-HSA-432142|Reactome:R-HSA-4420332|Reactome:R-HSA-444821|Reactome:R-HSA-4641262|Reactome:R-HSA-4641263|Reactome:R-HSA-5083635|Reactome:R-HSA-5173214|Reactome:R-HSA-5339717|Reactome:R-HSA-5340588|Reactome:R-HSA-5578768|Reactome:R-HSA-6806942|Reactome:R-HSA-6809371|Reactome:R-HSA-8852405|Reactome:R-HSA-8856825|Reactome:R-HSA-8856828|Reactome:R-HSA-8866376|Reactome:R-HSA-8866427|Reactome:R-HSA-8964026|Reactome:R-HSA-8964038|Reactome:R-HSA-8964046|Reactome:R-HSA-9678110|Reactome:R-HSA-9694614|Reactome:R-HSA-9700645|Reactome:R-HSA-9717264|Reactome:R-HSA-9717301|Reactome:R-HSA-9717316|Reactome:R-HSA-9717319|Reactome:R-HSA-9717323|Reactome:R-HSA-9717326|Reactome:R-HSA-9717329|Reactome:R-HSA-9725370|Reactome:R-HSA-9733458|Reactome:R-HSA-975634|Reactome:R-HSA-9758890|Reactome:R-HSA-977225|Reactome:R-HSA-977606|Reactome:R-HSA-9820960|Reactome:R-HSA-9833110|Reactome:R-HSA-9851151|Reactome:R-HSA-9856532|Reactome:R-HSA-9913351|Reactome:R-HSA-9918481|Reactome:R-HSA-9918485|Reactome:R-MMU-1442490|Reactome:R-MMU-1474228|Reactome:R-MMU-166665|Reactome:R-MMU-201556|Reactome:R-MMU-2168880|Reactome:R-MMU-3772470|Reactome:R-MMU-418555|Reactome:R-MMU-432142|Reactome:R-MMU-444821|Reactome:R-MMU-4641262|Reactome:R-MMU-4641263|Reactome:R-MMU-5173214|Reactome:R-MMU-5578768|Reactome:R-MMU-6806942|Reactome:R-MMU-8852405|Reactome:R-MMU-8856825|Reactome:R-MMU-8856828|Reactome:R-MMU-8866376|Reactome:R-MMU-8866427|Reactome:R-MMU-8964026|Reactome:R-MMU-8964038|Reactome:R-MMU-8964046|Reactome:R-MMU-975634|Reactome:R-MMU-9758890|Reactome:R-MMU-977606|Reactome:R-MMU-9851151|Reactome:R-RNO-166665|Reactome:R-RNO-196791|Reactome:R-RNO-2168880|Reactome:R-RNO-444821|Reactome:R-RNO-5173214|Reactome:R-RNO-5578768|Reactome:R-RNO-8856825|Reactome:R-RNO-8856828|Reactome:R-RNO-8866376|Reactome:R-RNO-8866427|Reactome:R-RNO-8964026|Reactome:R-RNO-8964038|Reactome:R-RNO-8964046|Reactome:R-RNO-975634|Reactome:R-RNO-9758890|Reactome:R-RNO-977606
EMBOSS_001,f3c3658259655a4708f5828f1435470a,583,SMART,SM00457,MACPF_8,276,487,6.4E-35,T,03-07-2026,IPR020864,Membrane attack complex component/perforin (MACPF) domain,-,Reactome:R-BTA-166665|Reactome:R-BTA-977606|Reactome:R-HSA-166665|Reactome:R-HSA-9725371|Reactome:R-HSA-977606|Reactome:R-MMU-166665|Reactome:R-MMU-977606|Reactome:R-RNO-166665|Reactome:R-RNO-977606
EMBOSS_001,f3c3658259655a4708f5828f1435470a,583,Phobius,NON_CYTOPLASMIC_DOMAIN,"Region of a membrane-bound protein predicted to be outside the membrane, in the extracellular region.",21,583,-,T,03-07-2026,-,-,-,-
EMBOSS_001,f3c3658259655a4708f5828f1435470a,583,Gene3D,G3DSA:2.20.100.10,-,537,583,9.4E-8,T,03-07-2026,IPR036383,Thrombospondin type-1 repeat superfamily,-,Reactome:R-BTA-1650814|Reactome:R-BTA-166665|Reactome:R-BTA-4641263|Reactome:R-BTA-5173214|Reactome:R-BTA-977606|Reactome:R-CEL-373752|Reactome:R-CEL-5173214|Reactome:R-DME-373752|Reactome:R-DME-416700|Reactome:R-DME-5173214|Reactome:R-DRE-4641263|Reactome:R-DRE-5173214|Reactome:R-GGA-381426|Reactome:R-GGA-8957275|Reactome:R-HSA-114608|Reactome:R-HSA-1474228|Reactome:R-HSA-1650814|Reactome:R-HSA-166665|Reactome:R-HSA-173736|Reactome:R-HSA-174577|Reactome:R-HSA-186797|Reactome:R-HSA-2032785|Reactome:R-HSA-216083|Reactome:R-HSA-2404192|Reactome:R-HSA-3000170|Reactome:R-HSA-373752|Reactome:R-HSA-381426|Reactome:R-HSA-416700|Reactome:R-HSA-418886|Reactome:R-HSA-418889|Reactome:R-HSA-4641263|Reactome:R-HSA-5083635|Reactome:R-HSA-5173214|Reactome:R-HSA-6798695|Reactome:R-HSA-75892|Reactome:R-HSA-8936459|Reactome:R-HSA-8939256|Reactome:R-HSA-8951671|Reactome:R-HSA-8957275|Reactome:R-HSA-977606|Reactome:R-HSA-9845619|Reactome:R-HSA-9845621|Reactome:R-MMU-114608|Reactome:R-MMU-1474228|Reactome:R-MMU-1650814|Reactome:R-MMU-166665|Reactome:R-MMU-173736|Reactome:R-MMU-174577|Reactome:R-MMU-186797|Reactome:R-MMU-216083|Reactome:R-MMU-2404192|Reactome:R-MMU-373752|Reactome:R-MMU-381426|Reactome:R-MMU-416700|Reactome:R-MMU-4641263|Reactome:R-MMU-5173214|Reactome:R-MMU-6798695|Reactome:R-MMU-8957275|Reactome:R-MMU-977606|Reactome:R-RNO-1474228|Reactome:R-RNO-166665|Reactome:R-RNO-373752|Reactome:R-RNO-381426|Reactome:R-RNO-416700|Reactome:R-RNO-5173214|Reactome:R-RNO-8957275|Reactome:R-RNO-977606|Reactome:R-XTR-4641263
EMBOSS_001,f3c3658259655a4708f5828f1435470a,583,PRINTS,PR00764,Complement C9 signature,58,74,5.9E-47,T,03-07-2026,IPR001862,Membrane attack complex component/perforin/complement C9,GO:0005579(InterPro)|GO:0006955(InterPro),Reactome:R-BTA-166665|Reactome:R-BTA-977606|Reactome:R-HSA-166665|Reactome:R-HSA-977606|Reactome:R-MMU-166665|Reactome:R-MMU-977606|Reactome:R-RNO-166665|Reactome:R-RNO-977606
EMBOSS_001,f3c3658259655a4708f5828f1435470a,583,PRINTS,PR00764,Complement C9 signature,102,122,5.9E-47,T,03-07-2026,IPR001862,Membrane attack complex component/perforin/complement C9,GO:0005579(InterPro)|GO:0006955(InterPro),Reactome:R-BTA-166665|Reactome:R-BTA-977606|Reactome:R-HSA-166665|Reactome:R-HSA-977606|Reactome:R-MMU-166665|Reactome:R-MMU-977606|Reactome:R-RNO-166665|Reactome:R-RNO-977606
EMBOSS_001,f3c3658259655a4708f5828f1435470a,583,PRINTS,PR00764,Complement C9 signature,307,329,5.9E-47,T,03-07-2026,IPR001862,Membrane attack complex component/perforin/complement C9,GO:0005579(InterPro)|GO:0006955(InterPro),Reactome:R-BTA-166665|Reactome:R-BTA-977606|Reactome:R-HSA-166665|Reactome:R-HSA-977606|Reactome:R-MMU-166665|Reactome:R-MMU-977606|Reactome:R-RNO-166665|Reactome:R-RNO-977606
EMBOSS_001,f3c3658259655a4708f5828f1435470a,583,PRINTS,PR00764,Complement C9 signature,441,460,5.9E-47,T,03-07-2026,IPR001862,Membrane attack complex component/perforin/complement C9,GO:0005579(InterPro)|GO:0006955(InterPro),Reactome:R-BTA-166665|Reactome:R-BTA-977606|Reactome:R-HSA-166665|Reactome:R-HSA-977606|Reactome:R-MMU-166665|Reactome:R-MMU-977606|Reactome:R-RNO-166665|Reactome:R-RNO-977606
EMBOSS_001,f3c3658259655a4708f5828f1435470a,583,PRINTS,PR00764,Complement C9 signature,471,490,5.9E-47,T,03-07-2026,IPR001862,Membrane attack complex component/perforin/complement C9,GO:0005579(InterPro)|GO:0006955(InterPro),Reactome:R-BTA-166665|Reactome:R-BTA-977606|Reactome:R-HSA-166665|Reactome:R-HSA-977606|Reactome:R-MMU-166665|Reactome:R-MMU-977606|Reactome:R-RNO-166665|Reactome:R-RNO-977606
EMBOSS_001,f3c3658259655a4708f5828f1435470a,583,PRINTS,PR00764,Complement C9 signature,494,514,5.9E-47,T,03-07-2026,IPR001862,Membrane attack complex component/perforin/complement C9,GO:0005579(InterPro)|GO:0006955(InterPro),Reactome:R-BTA-166665|Reactome:R-BTA-977606|Reactome:R-HSA-166665|Reactome:R-HSA-977606|Reactome:R-MMU-166665|Reactome:R-MMU-977606|Reactome:R-RNO-166665|Reactome:R-RNO-977606
EMBOSS_001,f3c3658259655a4708f5828f1435470a,583,PANTHER,PTHR45742,COMPLEMENT COMPONENT C6,17,583,0.0,T,03-07-2026,-,-,GO:0005579(PANTHER)|GO:0006956(PANTHER),-
EMBOSS_001,f3c3658259655a4708f5828f1435470a,583,Gene3D,G3DSA:4.10.400.10,-,93,137,8.1E-10,T,03-07-2026,IPR036055,LDL receptor-like superfamily,GO:0005515(InterPro),Reactome:R-BTA-166665|Reactome:R-BTA-381426|Reactome:R-BTA-8856825|Reactome:R-BTA-8856828|Reactome:R-BTA-8957275|Reactome:R-BTA-8964026|Reactome:R-BTA-8964038|Reactome:R-BTA-9768727|Reactome:R-BTA-977606|Reactome:R-CEL-1474228|Reactome:R-CEL-1566948|Reactome:R-CEL-2129379|Reactome:R-CEL-216083|Reactome:R-CEL-2173789|Reactome:R-CEL-381426|Reactome:R-CEL-8957275|Reactome:R-CFA-201556|Reactome:R-CFA-444821|Reactome:R-CFA-9851151|Reactome:R-DRE-9842663|Reactome:R-GGA-8866376|Reactome:R-GGA-8866427|Reactome:R-HSA-1442490|Reactome:R-HSA-1474228|Reactome:R-HSA-166665|Reactome:R-HSA-196791|Reactome:R-HSA-1971475|Reactome:R-HSA-201556|Reactome:R-HSA-201681|Reactome:R-HSA-2022928|Reactome:R-HSA-2024096|Reactome:R-HSA-216083|Reactome:R-HSA-2168880|Reactome:R-HSA-3000157|Reactome:R-HSA-3000171|Reactome:R-HSA-3000178|Reactome:R-HSA-3359485|Reactome:R-HSA-3560783|Reactome:R-HSA-3560801|Reactome:R-HSA-3656237|Reactome:R-HSA-3656253|Reactome:R-HSA-3772470|Reactome:R-HSA-381426|Reactome:R-HSA-418555|Reactome:R-HSA-432142|Reactome:R-HSA-4420332|Reactome:R-HSA-444821|Reactome:R-HSA-4641262|Reactome:R-HSA-4641263|Reactome:R-HSA-5083635|Reactome:R-HSA-5173214|Reactome:R-HSA-532668|Reactome:R-HSA-5339717|Reactome:R-HSA-5340588|Reactome:R-HSA-5578768|Reactome:R-HSA-6806942|Reactome:R-HSA-6809371|Reactome:R-HSA-879415|Reactome:R-HSA-8852405|Reactome:R-HSA-8856825|Reactome:R-HSA-8856828|Reactome:R-HSA-8866376|Reactome:R-HSA-8866427|Reactome:R-HSA-8957275|Reactome:R-HSA-8964026|Reactome:R-HSA-8964038|Reactome:R-HSA-8964046|Reactome:R-HSA-901042|Reactome:R-HSA-9678110|Reactome:R-HSA-9683686|Reactome:R-HSA-9694548|Reactome:R-HSA-9694614|Reactome:R-HSA-9700645|Reactome:R-HSA-9717264|Reactome:R-HSA-9717301|Reactome:R-HSA-9717316|Reactome:R-HSA-9717319|Reactome:R-HSA-9717323|Reactome:R-HSA-9717326|Reactome:R-HSA-9717329|Reactome:R-HSA-9725370|Reactome:R-HSA-9733458|Reactome:R-HSA-975634|Reactome:R-HSA-9758890|Reactome:R-HSA-9768727|Reactome:R-HSA-977225|Reactome:R-HSA-977606|Reactome:R-HSA-9820960|Reactome:R-HSA-9833110|Reactome:R-HSA-9851151|Reactome:R-HSA-9856532|Reactome:R-HSA-9913351|Reactome:R-HSA-9918481|Reactome:R-HSA-9918485|Reactome:R-MMU-1442490|Reactome:R-MMU-1474228|Reactome:R-MMU-166665|Reactome:R-MMU-201556|Reactome:R-MMU-2168880|Reactome:R-MMU-3772470|Reactome:R-MMU-381426|Reactome:R-MMU-418555|Reactome:R-MMU-432142|Reactome:R-MMU-444821|Reactome:R-MMU-4641262|Reactome:R-MMU-4641263|Reactome:R-MMU-5173214|Reactome:R-MMU-5578768|Reactome:R-MMU-6806942|Reactome:R-MMU-8852405|Reactome:R-MMU-8856825|Reactome:R-MMU-8856828|Reactome:R-MMU-8866376|Reactome:R-MMU-8866427|Reactome:R-MMU-8957275|Reactome:R-MMU-8964026|Reactome:R-MMU-8964038|Reactome:R-MMU-8964046|Reactome:R-MMU-975634|Reactome:R-MMU-9758890|Reactome:R-MMU-9768727|Reactome:R-MMU-977606|Reactome:R-MMU-9851151|Reactome:R-RNO-166665|Reactome:R-RNO-196791|Reactome:R-RNO-2168880|Reactome:R-RNO-444821|Reactome:R-RNO-5173214|Reactome:R-RNO-5578768|Reactome:R-RNO-8856825|Reactome:R-RNO-8856828|Reactome:R-RNO-8866376|Reactome:R-RNO-8866427|Reactome:R-RNO-8964026|Reactome:R-RNO-8964038|Reactome:R-RNO-8964046|Reactome:R-RNO-975634|Reactome:R-RNO-9758890|Reactome:R-RNO-977606
EMBOSS_001,f3c3658259655a4708f5828f1435470a,583,ProSiteProfiles,PS50092,Thrombospondin type-1 (TSP1) repeat profile.,38,91,10.106068,T,03-07-2026,IPR000884,Thrombospondin type-1 (TSP1) repeat,-,Reactome:R-BTA-1650814|Reactome:R-BTA-166665|Reactome:R-BTA-4641263|Reactome:R-BTA-5173214|Reactome:R-BTA-977606|Reactome:R-CEL-373752|Reactome:R-CEL-5173214|Reactome:R-DME-373752|Reactome:R-DME-416700|Reactome:R-DME-5173214|Reactome:R-DRE-4641263|Reactome:R-DRE-5173214|Reactome:R-GGA-381426|Reactome:R-GGA-8957275|Reactome:R-HSA-114608|Reactome:R-HSA-1474228|Reactome:R-HSA-1650814|Reactome:R-HSA-166665|Reactome:R-HSA-173736|Reactome:R-HSA-174577|Reactome:R-HSA-186797|Reactome:R-HSA-2032785|Reactome:R-HSA-216083|Reactome:R-HSA-2404192|Reactome:R-HSA-3000170|Reactome:R-HSA-373752|Reactome:R-HSA-381426|Reactome:R-HSA-416700|Reactome:R-HSA-418886|Reactome:R-HSA-418889|Reactome:R-HSA-4641263|Reactome:R-HSA-5083635|Reactome:R-HSA-5173214|Reactome:R-HSA-6798695|Reactome:R-HSA-75892|Reactome:R-HSA-8936459|Reactome:R-HSA-8939256|Reactome:R-HSA-8951671|Reactome:R-HSA-8957275|Reactome:R-HSA-977606|Reactome:R-HSA-9845619|Reactome:R-HSA-9845621|Reactome:R-MMU-114608|Reactome:R-MMU-1474228|Reactome:R-MMU-1650814|Reactome:R-MMU-166665|Reactome:R-MMU-173736|Reactome:R-MMU-174577|Reactome:R-MMU-186797|Reactome:R-MMU-216083|Reactome:R-MMU-2404192|Reactome:R-MMU-373752|Reactome:R-MMU-381426|Reactome:R-MMU-416700|Reactome:R-MMU-4641263|Reactome:R-MMU-5173214|Reactome:R-MMU-6798695|Reactome:R-MMU-8957275|Reactome:R-MMU-977606|Reactome:R-RNO-1474228|Reactome:R-RNO-166665|Reactome:R-RNO-373752|Reactome:R-RNO-381426|Reactome:R-RNO-416700|Reactome:R-RNO-5173214|Reactome:R-RNO-8957275|Reactome:R-RNO-977606|Reactome:R-XTR-4641263
EMBOSS_001,f3c3658259655a4708f5828f1435470a,583,ProSitePatterns,PS01209,LDL-receptor class A (LDLRA) domain signature.,109,131,-,T,03-07-2026,IPR023415,"Low-density lipoprotein (LDL) receptor class A, conserved site",-,Reactome:R-BTA-166665|Reactome:R-BTA-8856825|Reactome:R-BTA-8856828|Reactome:R-BTA-8964026|Reactome:R-BTA-8964038|Reactome:R-BTA-977606|Reactome:R-CFA-444821|Reactome:R-DRE-9842663|Reactome:R-GGA-8866376|Reactome:R-GGA-8866427|Reactome:R-HSA-1474228|Reactome:R-HSA-166665|Reactome:R-HSA-196791|Reactome:R-HSA-1971475|Reactome:R-HSA-201681|Reactome:R-HSA-2022928|Reactome:R-HSA-2024096|Reactome:R-HSA-216083|Reactome:R-HSA-2168880|Reactome:R-HSA-3000157|Reactome:R-HSA-3000171|Reactome:R-HSA-3000178|Reactome:R-HSA-3359485|Reactome:R-HSA-3560783|Reactome:R-HSA-3560801|Reactome:R-HSA-3656237|Reactome:R-HSA-3656253|Reactome:R-HSA-3772470|Reactome:R-HSA-418555|Reactome:R-HSA-432142|Reactome:R-HSA-4420332|Reactome:R-HSA-444821|Reactome:R-HSA-4641262|Reactome:R-HSA-4641263|Reactome:R-HSA-5083635|Reactome:R-HSA-5173214|Reactome:R-HSA-5339717|Reactome:R-HSA-5340588|Reactome:R-HSA-5578768|Reactome:R-HSA-6806942|Reactome:R-HSA-6809371|Reactome:R-HSA-8852405|Reactome:R-HSA-8856825|Reactome:R-HSA-8856828|Reactome:R-HSA-8866376|Reactome:R-HSA-8866427|Reactome:R-HSA-8964026|Reactome:R-HSA-8964038|Reactome:R-HSA-8964046|Reactome:R-HSA-9678110|Reactome:R-HSA-9694614|Reactome:R-HSA-9733458|Reactome:R-HSA-975634|Reactome:R-HSA-9758890|Reactome:R-HSA-977225|Reactome:R-HSA-977606|Reactome:R-HSA-9820960|Reactome:R-HSA-9833110|Reactome:R-HSA-9856532|Reactome:R-HSA-9913351|Reactome:R-HSA-9918481|Reactome:R-HSA-9918485|Reactome:R-MMU-166665|Reactome:R-MMU-2168880|Reactome:R-MMU-3772470|Reactome:R-MMU-418555|Reactome:R-MMU-432142|Reactome:R-MMU-444821|Reactome:R-MMU-4641262|Reactome:R-MMU-4641263|Reactome:R-MMU-5173214|Reactome:R-MMU-5578768|Reactome:R-MMU-6806942|Reactome:R-MMU-8852405|Reactome:R-MMU-8856825|Reactome:R-MMU-8856828|Reactome:R-MMU-8866376|Reactome:R-MMU-8866427|Reactome:R-MMU-8964026|Reactome:R-MMU-8964038|Reactome:R-MMU-8964046|Reactome:R-MMU-975634|Reactome:R-MMU-9758890|Reactome:R-MMU-977606|Reactome:R-RNO-166665|Reactome:R-RNO-196791|Reactome:R-RNO-2168880|Reactome:R-RNO-444821|Reactome:R-RNO-5173214|Reactome:R-RNO-5578768|Reactome:R-RNO-8856825|Reactome:R-RNO-8856828|Reactome:R-RNO-8866376|Reactome:R-RNO-8866427|Reactome:R-RNO-8964026|Reactome:R-RNO-8964038|Reactome:R-RNO-8964046|Reactome:R-RNO-975634|Reactome:R-RNO-9758890|Reactome:R-RNO-977606
EMBOSS_001,f3c3658259655a4708f5828f1435470a,583,CDD,cd00112,LDLa,97,131,9.2536E-9,T,03-07-2026,IPR002172,Low-density lipoprotein (LDL) receptor class A repeat,GO:0005515(InterPro),Reactome:R-BTA-166665|Reactome:R-BTA-8856825|Reactome:R-BTA-8856828|Reactome:R-BTA-8964026|Reactome:R-BTA-8964038|Reactome:R-BTA-977606|Reactome:R-CEL-1474228|Reactome:R-CEL-1566948|Reactome:R-CEL-2129379|Reactome:R-CEL-216083|Reactome:R-CEL-2173789|Reactome:R-CEL-381426|Reactome:R-CEL-8957275|Reactome:R-CFA-201556|Reactome:R-CFA-444821|Reactome:R-CFA-9851151|Reactome:R-DRE-201556|Reactome:R-DRE-9842663|Reactome:R-DRE-9851151|Reactome:R-GGA-8866376|Reactome:R-GGA-8866427|Reactome:R-HSA-1442490|Reactome:R-HSA-1474228|Reactome:R-HSA-166665|Reactome:R-HSA-196791|Reactome:R-HSA-1971475|Reactome:R-HSA-201556|Reactome:R-HSA-201681|Reactome:R-HSA-2022928|Reactome:R-HSA-2024096|Reactome:R-HSA-216083|Reactome:R-HSA-2168880|Reactome:R-HSA-3000157|Reactome:R-HSA-3000171|Reactome:R-HSA-3000178|Reactome:R-HSA-3359485|Reactome:R-HSA-3560783|Reactome:R-HSA-3560801|Reactome:R-HSA-3656237|Reactome:R-HSA-3656253|Reactome:R-HSA-3772470|Reactome:R-HSA-418555|Reactome:R-HSA-432142|Reactome:R-HSA-4420332|Reactome:R-HSA-444821|Reactome:R-HSA-4641262|Reactome:R-HSA-4641263|Reactome:R-HSA-5083635|Reactome:R-HSA-5173214|Reactome:R-HSA-5339717|Reactome:R-HSA-5340588|Reactome:R-HSA-5578768|Reactome:R-HSA-6806942|Reactome:R-HSA-6809371|Reactome:R-HSA-8852405|Reactome:R-HSA-8856825|Reactome:R-HSA-8856828|Reactome:R-HSA-8866376|Reactome:R-HSA-8866427|Reactome:R-HSA-8964026|Reactome:R-HSA-8964038|Reactome:R-HSA-8964046|Reactome:R-HSA-9678110|Reactome:R-HSA-9694614|Reactome:R-HSA-9700645|Reactome:R-HSA-9717264|Reactome:R-HSA-9717301|Reactome:R-HSA-9717316|Reactome:R-HSA-9717319|Reactome:R-HSA-9717323|Reactome:R-HSA-9717326|Reactome:R-HSA-9717329|Reactome:R-HSA-9725370|Reactome:R-HSA-9733458|Reactome:R-HSA-975634|Reactome:R-HSA-9758890|Reactome:R-HSA-977225|Reactome:R-HSA-977606|Reactome:R-HSA-9820960|Reactome:R-HSA-9833110|Reactome:R-HSA-9851151|Reactome:R-HSA-9856532|Reactome:R-HSA-9913351|Reactome:R-HSA-9918481|Reactome:R-HSA-9918485|Reactome:R-MMU-1442490|Reactome:R-MMU-1474228|Reactome:R-MMU-166665|Reactome:R-MMU-201556|Reactome:R-MMU-2168880|Reactome:R-MMU-3772470|Reactome:R-MMU-418555|Reactome:R-MMU-432142|Reactome:R-MMU-444821|Reactome:R-MMU-4641262|Reactome:R-MMU-4641263|Reactome:R-MMU-5173214|Reactome:R-MMU-5578768|Reactome:R-MMU-6806942|Reactome:R-MMU-8852405|Reactome:R-MMU-8856825|Reactome:R-MMU-8856828|Reactome:R-MMU-8866376|Reactome:R-MMU-8866427|Reactome:R-MMU-8964026|Reactome:R-MMU-8964038|Reactome:R-MMU-8964046|Reactome:R-MMU-975634|Reactome:R-MMU-9758890|Reactome:R-MMU-977606|Reactome:R-MMU-9851151|Reactome:R-RNO-166665|Reactome:R-RNO-196791|Reactome:R-RNO-2168880|Reactome:R-RNO-444821|Reactome:R-RNO-5173214|Reactome:R-RNO-5578768|Reactome:R-RNO-8856825|Reactome:R-RNO-8856828|Reactome:R-RNO-8866376|Reactome:R-RNO-8866427|Reactome:R-RNO-8964026|Reactome:R-RNO-8964038|Reactome:R-RNO-8964046|Reactome:R-RNO-975634|Reactome:R-RNO-9758890|Reactome:R-RNO-977606
EMBOSS_001,f3c3658259655a4708f5828f1435470a,583,Pfam,PF00057,Low-density lipoprotein receptor domain class A,96,131,1.4E-5,T,03-07-2026,IPR002172,Low-density lipoprotein (LDL) receptor class A repeat,GO:0005515(InterPro),Reactome:R-BTA-166665|Reactome:R-BTA-8856825|Reactome:R-BTA-8856828|Reactome:R-BTA-8964026|Reactome:R-BTA-8964038|Reactome:R-BTA-977606|Reactome:R-CEL-1474228|Reactome:R-CEL-1566948|Reactome:R-CEL-2129379|Reactome:R-CEL-216083|Reactome:R-CEL-2173789|Reactome:R-CEL-381426|Reactome:R-CEL-8957275|Reactome:R-CFA-201556|Reactome:R-CFA-444821|Reactome:R-CFA-9851151|Reactome:R-DRE-201556|Reactome:R-DRE-9842663|Reactome:R-DRE-9851151|Reactome:R-GGA-8866376|Reactome:R-GGA-8866427|Reactome:R-HSA-1442490|Reactome:R-HSA-1474228|Reactome:R-HSA-166665|Reactome:R-HSA-196791|Reactome:R-HSA-1971475|Reactome:R-HSA-201556|Reactome:R-HSA-201681|Reactome:R-HSA-2022928|Reactome:R-HSA-2024096|Reactome:R-HSA-216083|Reactome:R-HSA-2168880|Reactome:R-HSA-3000157|Reactome:R-HSA-3000171|Reactome:R-HSA-3000178|Reactome:R-HSA-3359485|Reactome:R-HSA-3560783|Reactome:R-HSA-3560801|Reactome:R-HSA-3656237|Reactome:R-HSA-3656253|Reactome:R-HSA-3772470|Reactome:R-HSA-418555|Reactome:R-HSA-432142|Reactome:R-HSA-4420332|Reactome:R-HSA-444821|Reactome:R-HSA-4641262|Reactome:R-HSA-4641263|Reactome:R-HSA-5083635|Reactome:R-HSA-5173214|Reactome:R-HSA-5339717|Reactome:R-HSA-5340588|Reactome:R-HSA-5578768|Reactome:R-HSA-6806942|Reactome:R-HSA-6809371|Reactome:R-HSA-8852405|Reactome:R-HSA-8856825|Reactome:R-HSA-8856828|Reactome:R-HSA-8866376|Reactome:R-HSA-8866427|Reactome:R-HSA-8964026|Reactome:R-HSA-8964038|Reactome:R-HSA-8964046|Reactome:R-HSA-9678110|Reactome:R-HSA-9694614|Reactome:R-HSA-9700645|Reactome:R-HSA-9717264|Reactome:R-HSA-9717301|Reactome:R-HSA-9717316|Reactome:R-HSA-9717319|Reactome:R-HSA-9717323|Reactome:R-HSA-9717326|Reactome:R-HSA-9717329|Reactome:R-HSA-9725370|Reactome:R-HSA-9733458|Reactome:R-HSA-975634|Reactome:R-HSA-9758890|Reactome:R-HSA-977225|Reactome:R-HSA-977606|Reactome:R-HSA-9820960|Reactome:R-HSA-9833110|Reactome:R-HSA-9851151|Reactome:R-HSA-9856532|Reactome:R-HSA-9913351|Reactome:R-HSA-9918481|Reactome:R-HSA-9918485|Reactome:R-MMU-1442490|Reactome:R-MMU-1474228|Reactome:R-MMU-166665|Reactome:R-MMU-201556|Reactome:R-MMU-2168880|Reactome:R-MMU-3772470|Reactome:R-MMU-418555|Reactome:R-MMU-432142|Reactome:R-MMU-444821|Reactome:R-MMU-4641262|Reactome:R-MMU-4641263|Reactome:R-MMU-5173214|Reactome:R-MMU-5578768|Reactome:R-MMU-6806942|Reactome:R-MMU-8852405|Reactome:R-MMU-8856825|Reactome:R-MMU-8856828|Reactome:R-MMU-8866376|Reactome:R-MMU-8866427|Reactome:R-MMU-8964026|Reactome:R-MMU-8964038|Reactome:R-MMU-8964046|Reactome:R-MMU-975634|Reactome:R-MMU-9758890|Reactome:R-MMU-977606|Reactome:R-MMU-9851151|Reactome:R-RNO-166665|Reactome:R-RNO-196791|Reactome:R-RNO-2168880|Reactome:R-RNO-444821|Reactome:R-RNO-5173214|Reactome:R-RNO-5578768|Reactome:R-RNO-8856825|Reactome:R-RNO-8856828|Reactome:R-RNO-8866376|Reactome:R-RNO-8866427|Reactome:R-RNO-8964026|Reactome:R-RNO-8964038|Reactome:R-RNO-8964046|Reactome:R-RNO-975634|Reactome:R-RNO-9758890|Reactome:R-RNO-977606
EMBOSS_001,f3c3658259655a4708f5828f1435470a,583,SUPERFAMILY,SSF57196,EGF/Laminin,488,527,6.81E-5,T,03-07-2026,-,-,-,-
EMBOSS_001,f3c3658259655a4708f5828f1435470a,583,SUPERFAMILY,SSF82895,TSP-1 type 1 repeat,37,85,4.45E-6,T,03-07-2026,IPR036383,Thrombospondin type-1 repeat superfamily,-,Reactome:R-BTA-1650814|Reactome:R-BTA-166665|Reactome:R-BTA-4641263|Reactome:R-BTA-5173214|Reactome:R-BTA-977606|Reactome:R-CEL-373752|Reactome:R-CEL-5173214|Reactome:R-DME-373752|Reactome:R-DME-416700|Reactome:R-DME-5173214|Reactome:R-DRE-4641263|Reactome:R-DRE-5173214|Reactome:R-GGA-381426|Reactome:R-GGA-8957275|Reactome:R-HSA-114608|Reactome:R-HSA-1474228|Reactome:R-HSA-1650814|Reactome:R-HSA-166665|Reactome:R-HSA-173736|Reactome:R-HSA-174577|Reactome:R-HSA-186797|Reactome:R-HSA-2032785|Reactome:R-HSA-216083|Reactome:R-HSA-2404192|Reactome:R-HSA-3000170|Reactome:R-HSA-373752|Reactome:R-HSA-381426|Reactome:R-HSA-416700|Reactome:R-HSA-418886|Reactome:R-HSA-418889|Reactome:R-HSA-4641263|Reactome:R-HSA-5083635|Reactome:R-HSA-5173214|Reactome:R-HSA-6798695|Reactome:R-HSA-75892|Reactome:R-HSA-8936459|Reactome:R-HSA-8939256|Reactome:R-HSA-8951671|Reactome:R-HSA-8957275|Reactome:R-HSA-977606|Reactome:R-HSA-9845619|Reactome:R-HSA-9845621|Reactome:R-MMU-114608|Reactome:R-MMU-1474228|Reactome:R-MMU-1650814|Reactome:R-MMU-166665|Reactome:R-MMU-173736|Reactome:R-MMU-174577|Reactome:R-MMU-186797|Reactome:R-MMU-216083|Reactome:R-MMU-2404192|Reactome:R-MMU-373752|Reactome:R-MMU-381426|Reactome:R-MMU-416700|Reactome:R-MMU-4641263|Reactome:R-MMU-5173214|Reactome:R-MMU-6798695|Reactome:R-MMU-8957275|Reactome:R-MMU-977606|Reactome:R-RNO-1474228|Reactome:R-RNO-166665|Reactome:R-RNO-373752|Reactome:R-RNO-381426|Reactome:R-RNO-416700|Reactome:R-RNO-5173214|Reactome:R-RNO-8957275|Reactome:R-RNO-977606|Reactome:R-XTR-4641263
EMBOSS_001,f3c3658259655a4708f5828f1435470a,583,ProSiteProfiles,PS51412,Membrane attack complex/perforin (MACPF) domain profile.,135,493,27.833576,T,03-07-2026,IPR020864,Membrane attack complex component/perforin (MACPF) domain,-,Reactome:R-BTA-166665|Reactome:R-BTA-977606|Reactome:R-HSA-166665|Reactome:R-HSA-9725371|Reactome:R-HSA-977606|Reactome:R-MMU-166665|Reactome:R-MMU-977606|Reactome:R-RNO-166665|Reactome:R-RNO-977606
